{
  "parent": "adventure/shoot_arrow",
  "display": {
    "icon": {
      "item": "minecraft:bell"
    },
    "title": "Divine Law: Sanctuary",
    "description": "Enrage the gods by breaking the divine law of sanctuary."
  },
  "criteria": {
    "requirement": {
      "trigger": "minecraft:player_hurt_entity",
      "conditions": {
        "player": [],
        "entity": [
          {
            "condition": "minecraft:entity_properties",
            "entity": "this",
            "predicate": {
              "type": "minecraft:player",
              "location": {
                "feature": "village"
              }
            }
          }
        ]
      }
    }
  }
}