{
  "criteria": {
    "requirement": {
      "trigger": "minecraft:player_hurt_entity",
      "conditions": {
        "player": [],
        "entity": [
          {
            "condition": "minecraft:entity_properties",
            "entity": "this",
            "predicate": {
              "type": "minecraft:player",
              "location": {
                "feature": "village"
              }
            }
          }
        ]
      }
    }
  },
  "rewards": {
    "function": "veer:sanctuary/smite"
  }
}